,0,1,2,3,4,5,6,7,8,9,10,11,12,13,14,15,16,17,18,19,20,21,22,23,24
7,104,105,106,107,116,117,118,,,,,,,,,,,,,,,,,,
8,104,105,106,107,115,116,117,118,,,,,,,,,,,,,,,,,
9,104,105,106,107,108,115,116,117,118,,,,,,,,,,,,,,,,
10,104,105,106,107,108,114,115,116,117,118,,,,,,,,,,,,,,,
11,104,105,106,107,108,109,114,115,116,117,118,,,,,,,,,,,,,,
12,104,105,106,107,108,109,113,114,115,116,117,118,,,,,,,,,,,,,
13,104,105,106,107,108,109,110,113,114,115,116,117,118,,,,,,,,,,,,
14,104,105,106,107,108,109,110,112,113,114,115,116,117,118,,,,,,,,,,,
15,104,105,106,107,108,109,110,111,112,113,114,115,116,117,118,,,,,,,,,,
16,104,105,106,107,108,109,110,111,112.1,112,113,114,115,116,117,118,,,,,,,,,
17,104,105,106,107,108,109,110,111,111.1,112.1,112,113,114,115,116,117,118,,,,,,,,
18,104,105,106,107,108,109,110,111,111.1,112.2,112.1,112,113,114,115,116,117,118,,,,,,,
19,104,105,106,107,108,109,110,111,111.1,111.2,112.2,112.1,112,113,114,115,116,117,118,,,,,,
20,104,105,106,107,108,109,110,111,111.1,111.2,112.3,112.2,112.1,112,113,114,115,116,117,118,,,,,
21,104,105,106,107,108,109,110,111,111.1,111.2,111.3,112.3,112.2,112.1,112,113,114,115,116,117,118,,,,
22,104,105,106,107,108,109,110,111,111.1,111.2,111.3,112.4,112.3,112.2,112.1,112,113,114,115,116,117,118,,,
23,104,105,106,107,108,109,110,111,111.1,111.2,111.3,111.4,112.4,112.3,112.2,112.1,112,113,114,115,116,117,118,,
24,104,105,106,107,108,109,110,111,111.1,111.2,111.3,111.4,112.5,112.4,112.3,112.2,112.1,112,113,114,115,116,117,118,
25,104,105,106,107,108,109,110,111,111.1,111.2,111.3,111.4,111.5,112.5,112.4,112.3,112.2,112.1,112,113,114,115,116,117,118
